Property ID,Property Name,Price (€),Description,Address,Phone Number,Image URL,Website Name,Expired
235192775,Ormesson-sur-Marne (94490),345500,"Construisez votre maison individuelle sur mesure !

Vous rêvez d’une maison qui vous ressemble, conçue selon vos envies et vos besoins ?

MAISONS QUALITY, vous propose la construction de maisons individuelles avec une conception 100 % sur mesure,  sur la commune d'Ormesson-Sur-Marne, proche de la gare, proche des commerces et des écoles.

Contactez nous sans attendre afin de discuter ensemble de la faisabilité de ce projet. Nous vous accompagneront dans toutes les démarches jusqu'à réception de votre maison.

Maison individuelle RE2020. Tarif hors branchements et raccordements, peintures, qui sont chiffrés dans les travaux qui restent à charge du client. Tarif modifiable sans préavis. Etiquette énergie: A. Différents modèles disponibles pour ce terrain. Assurances et garanties comprises (RC professionnelle, décennale, dommage ouvrage).

Photos et illustrations non contractuelles - non mandaté pour réaliser la vente terrain - Terrains sous réserve des disponibilités de notre partenaire fonciers– Prix indicatif hors frais de notaire – Voir conditions en agence.",Ormesson-sur-Marne (94490),01 48 55 00 01,https://v.seloger.com/s/width/900/visuels/0/8/r/b/08rbke93z0bj5ltq7hhcara7dikyj7lu530rkhf0g.jpg,Seloger,False
236446597,Villeparisis (77270),352800,"Construisez votre maison individuelle sur mesure !

Vous rêvez d’une maison qui vous ressemble, conçue selon vos envies et vos besoins ?

MAISONS QUALITY, vous propose la construction de maisons individuelles avec une conception 100 % sur mesure,  sur la commune de Villeparisis, à 5 minutes de la gare RER, proche de la RN3 pour rejoindre Paris, et surtout proche des commerces, écoles et des transports en commun.

Contactez nous sans attendre afin de discuter ensemble de la faisabilité de ce projet. Nous vous accompagneront dans toutes les démarches jusqu'à réception de votre maison.

Maison individuelle RE2020. Tarif hors branchements et raccordements, peintures, qui sont chiffrés dans les travaux qui restent à charge du client. Tarif modifiable sans préavis. Etiquette énergie: A. Différents modèles disponibles pour ce terrain. Assurances et garanties comprises (RC professionnelle, décennale, dommage ouvrage).

Photos et illustrations non contractuelles - non mandaté pour réaliser la vente terrain - Terrains sous réserve des disponibilités de notre partenaire fonciers– Prix indicatif hors frais de notaire – Voir conditions en agence.",Villeparisis (77270),01 48 55 00 01,https://v.seloger.com/s/width/900/visuels/0/j/u/6/0ju66qlxliopsjoh559rpho2h42qcds1telrsppog.jpg,Seloger,False
236469221,Champigny-sur-Marne (94500),352000,"Construisez votre maison individuelle sur mesure !

Vous rêvez d’une maison qui vous ressemble, conçue selon vos envies et vos besoins ?

MAISONS QUALITY, vous propose la construction de maisons individuelles avec une conception 100 % sur mesure,  sur la commune de Champigny-Sur-Marne, proche des écoles et de toutes les infrastructures indispensables. 

Contactez nous sans attendre afin de discuter ensemble de la faisabilité de ce projet. Nous vous accompagneront dans toutes les démarches jusqu'à réception de votre maison.

Maison individuelle RE2020. Tarif hors branchements et raccordements, peintures, qui sont chiffrés dans les travaux qui restent à charge du client. Tarif modifiable sans préavis. Etiquette énergie: A. Différents modèles disponibles pour ce terrain. Assurances et garanties comprises (RC professionnelle, décennale, dommage ouvrage).

Photos et illustrations non contractuelles - non mandaté pour réaliser la vente terrain - Terrains sous réserve des disponibilités de notre partenaire fonciers– Prix indicatif hors frais de notaire – Voir conditions en agence.",Champigny-sur-Marne (94500),01 48 55 00 01,https://v.seloger.com/s/width/900/visuels/0/8/r/b/08rbke93z0bj5ltq7hhcara7dikyj7lu530rkhf0g.jpg,Seloger,False
234716607,Bussy-Saint-Martin (77600),848478,"Terrain à bâtir proches toutes commodités Découvrez la maison Santa Barbara, une élégante résidence à étages avec garage accolé, conçue pour offrir un cadre de vie confortable et fonctionnel à votre famille. Dès l'entrée semi-ouverte, vous serez immédiatement séduit par la pièce de vie totalement ouverte, où séjour, salon et cuisine se rencontrent pour créer un espace convivial et lumineux, propice aux échanges et aux moments de partage en famille. Une chambre, judicieusement implantée à l'opposé du séjour et du salon, offre calme et sérénité pour recevoir vos amis ou vos invités. À l'étage, les chambres et les pièces d'eau sont aménagées pour offrir tout le confort nécessaire à votre famille, garantissant ainsi des nuits paisibles et des matinées revigorantes. La maison Santa Barbara incarne le mariage parfait entre esthétique et fonctionnalité, offrant un cadre de vie idéal pour votre famille. Notre équipe d'experts sera à vos côtés à chaque étape de votre projet, vous permettant ainsi de personnaliser votre maison selon vos besoins et vos envies. Ne manquez pas l'occasion de faire de la maison Santa Barbara votre nouveau foyer. Contactez-nous dès aujourd'hui pour en savoir plus et commencer à concrétiser votre rêve ! Annonce proposée en partenariat avec un agent commercial spécialisé.
Garanties et assurances obligatoires incluses (voir détails en agence). Hors raccordements, hors branchements. hors frais de notaire. Photo non contractuelle.",Bussy-Saint-Martin (77600),06 81 87 68 37,https://v.seloger.com/s/width/900/visuels/1/k/a/i/1kai6p79hlctbhe11ohdgd5xz4wz8dmoti22z8l1c.jpg,Seloger,False
234750949,Serris (77700),528795,"Terrain à bâtir proches toutes commodités Découvrez la maison Barstow, une résidence élégante à étages en forme de L, conçue pour offrir à votre famille un espace de vie à la fois spacieux et fonctionnel. Dotée d'un garage de grande dimension, cette maison vous offre un espace de rangement généreux pour répondre à tous vos besoins. Dès l'entrée semi-ouverte, laissez-vous séduire par le volume exceptionnel et la luminosité qui baignent le séjour, le salon et la cuisine américaine. Les larges baies vitrées offrent une vue panoramique sur le jardin, créant une ambiance chaleureuse et accueillante. À l'étage, la chambre parentale, isolée des chambres d'enfants, vous offre un espace de repos paisible, garantissant calme et sérénité. Une salle de bains et des toilettes complètent ce niveau, assurant un confort optimal pour toute la famille. La maison Barstow allie design contemporain et fonctionnalité pour créer un environnement de vie idéal pour votre famille. Notre équipe d'experts vous accompagnera à chaque étape de votre projet, vous offrant la possibilité de personnaliser votre maison selon vos goûts et vos besoins. Ne manquez pas l'opportunité de faire de la maison Barstow votre nouveau foyer. Contactez-nous dès aujourd'hui pour en savoir plus et commencer à concrétiser votre rêve. Annonce proposée en partenariat avec un agent commercial spécialisé.
Garanties et assurances obligatoires incluses (voir détails en agence). Hors raccordements, hors branchements. hors frais de notaire. Photo non contractuelle.",Serris (77700),06 81 87 68 37,https://v.seloger.com/s/width/900/visuels/0/j/v/h/0jvh5uhuegdzlpf5a2rjxxan65sopylnmbg9qjw5c.jpg,Seloger,False
234716603,Sèvres (92310),942453,"Terrain à bâtir proches toutes commodité Explorez la maison San Diego, une résidence à étages avec garage accolé, caractérisée par de magnifiques décrochés de maçonnerie et de toiture qui lui confèrent un charme unique. Dès le rez-de-chaussée, vous serez impressionné par les volumes d'exception et l'agencement optimal qui favorisent la tranquillité et la sérénité au sein de votre foyer. L'entrée ouverte sur le séjour, le salon et la cuisine offre une vue panoramique sur le jardin, créant ainsi un lien harmonieux entre l'intérieur et l'extérieur. Cet espace de vie spacieux et lumineux est idéal pour partager des moments conviviaux en famille ou entre amis. À l'étage, une mezzanine vous invite à la détente et au bien-être, offrant un espace supplémentaire pour vous ressourcer. Les chambres et la salle de bains sont judicieusement disposées pour garantir le confort et l'intimité de chaque membre de la famille, créant ainsi un cadre de vie harmonieux et fonctionnel. La maison San Diego incarne le mariage parfait entre esthétique et fonctionnalité, offrant un cadre de vie idéal pour votre famille. Notre équipe d'experts sera à vos côtés à chaque étape de votre projet, vous permettant ainsi de personnaliser votre maison selon vos besoins et vos envies. Ne manquez pas l'occasion de faire de la maison San Diego votre nouveau foyer. Contactez-nous dès aujourd'hui pour en savoir plus et commencer à concrétiser votre rêve ! Annonce proposée en partenariat avec un agent commercial spécialisé.
Garanties et assurances obligatoires incluses (voir détails en agence). Hors raccordements, hors branchements. hors frais de notaire. Photo non contractuelle.",Sèvres (92310),06 81 87 68 37,https://v.seloger.com/s/width/900/visuels/0/b/6/6/0b66f2rtyo2yik948f0wclwzvjz79313e0oa4rji8.jpg,Seloger,False
235007577,Perpignan (66000),252411,"Maison neuve sur mesure à construire près de Perpignan (66).
PRO ECO HABITAT vous présente son modèle d’inspiration « Quiétude » de 112m² habitables avec jardin et garage dans un lotissement sur la commune de Estagel (66) située à 25 km de Perpignan et 30mn de la mer.
Cette agréable villa contemporaine, optimisée et modulable vous offre 4 chambres avec placard dont 1 suite parentale avec salle d’eau et grand placard, 1 grande salle de bain et WC séparé. Vous y trouverez également une cuisine ouverte sur un séjour spacieux et confortable de 43m² donnant sur jardin avec une grande baie vitrée.
Un grand garage de 15m² y est également inclus.
Les prestations seront de qualité très appréciable : climatisation réversible, carrelage grand format, menuiseries PVC/ALU, volets roulants électriques… 
Ce projet conforme aux normes RE2020 est entièrement personnalisable, vous offrant la possibilité d’agencer votre maison à votre guise, selon vos envies.
PRO ECO HABITAT Maître d’Œuvre et Constructeur de Maisons Individuelles vous apportera ses années d’expérience, son savoir-faire et maîtrise parfaite du suivi de chantier.
N’hésitez pas à prendre contact avec Gilles, votre conseiller PRO ECO HABITAT, pour de plus amples informations ou pour obtenir une étude personnalisée totalement gratuite : PRO ECO HABITAT vous accompagnera dans toutes les étapes de votre projet et dans toutes vos démarches administratives.
Terrain proposé par un partenaire foncier selon disponibilité et autorisation de publicité (hors droit d’enregistrement et frais de notaire). Prix et visuels non contractuels.",Perpignan (66000),06 83 69 08 00,https://v.seloger.com/s/width/900/visuels/2/2/g/z/22gzrkkyd100wdww97p0k4d3iaol6khggn44eq7pc.jpg,Seloger,False
235009351,Canet-en-Roussillon (66140),505721,"Maison neuve à construire à Canet-en-Roussillon (66).
PRO ECO HABITAT vous présente le modèle « Topaze » de 129m² habitables avec jardin et garage dans un lotissement sur la commune de Canet Village (66).
Cette villa aux lignes contemporaines, comprenant de nombreux rangements, vous offre 5 chambres avec placard dont 2 au RdC, une cuisine ouverte sur un séjour spacieux et confortable de 45m² donnant sur jardin avec une grande baie vitrée, ainsi que 2 toits terrasses accessibles.
Un grand garage de 25m² y est également inclus.
Les prestations seront de qualité très appréciable : climatisation réversible, carrelage grand format, menuiseries PVC/ALU, volets roulants électriques… 
Ce projet conforme aux normes RE2020 est entièrement personnalisable, vous offrant la possibilité d’agencer votre maison à votre guise, selon vos envies.
PRO ECO HABITAT Maître d’Œuvre et Constructeur de Maisons Individuelles vous apportera ses années d’expérience, son savoir-faire et maîtrise parfaite du suivi de chantier.
N’hésitez pas à prendre contact avec Gilles, votre conseiller PRO ECO HABITAT, pour de plus amples informations ou pour obtenir une étude personnalisée totalement gratuite : PRO ECO HABITAT vous accompagnera dans toutes les étapes de votre projet et dans toutes vos démarches administratives.
Terrain proposé par un partenaire foncier selon disponibilité et autorisation de publicité (hors droit d’enregistrement et frais de notaire). Prix et visuels non contractuels.",Canet-en-Roussillon (66140),06 83 69 08 00,https://v.seloger.com/s/width/900/visuels/0/5/8/v/058vdkp7vpth9ppl7pp0un391lqo5ndlyj2xlgkzj.jpg,Seloger,False
232151327,Saint-Cyprien (66750),385880,"Maison neuve sur mesure à construire 66).à Saint-Cyprien (66).
PRO ECO HABITAT vous présente son modèle d’inspiration « Émeraude » de 116m² habitables avec jardin et garage dans un lotissement sur la commune de Saint-Cyprien (66).
Cette villa moderne alliant simplicité et élégance vous offre 3 chambres dont une suite parentale avec salle d’eau privative et dressing, 1 grande salle de bain et WC séparé. Vous y trouverez également une cuisine ouverte sur un séjour spacieux et confortable de 40m² donnant sur jardin avec une grande baie vitrée, ainsi qu’un cellier. 
Les prestations seront de qualité très appréciable : climatisation réversible, carrelage grand format, menuiseries PVC/ALU, volets roulants électriques… 
Ce projet conforme aux normes RE2020 est entièrement personnalisable, vous offrant la possibilité d’agencer votre maison à votre guise, selon vos envies.
PRO ECO HABITAT Maître d’Œuvre et Constructeur de Maisons Individuelles vous apportera ses années d’expérience, son savoir-faire et maîtrise parfaite du suivi de chantier.
N’hésitez pas à prendre contact avec Gilles, votre conseiller PRO ECO HABITAT, pour de plus amples informations ou pour obtenir une étude personnalisée totalement gratuite : PRO ECO HABITAT vous accompagnera dans toutes les étapes de votre projet et dans toutes vos démarches administratives.
Terrain proposé par un partenaire foncier selon disponibilité et autorisation de publicité (hors droit d’enregistrement et frais de notaire). Prix et visuels non contractuels.",Saint-Cyprien (66750),06 83 69 08 00,https://v.seloger.com/s/width/900/visuels/0/j/d/3/0jd32ojne9btmnhdv5fpdrmpzm3ms0eft2mufx0g0.jpg,Seloger,False
234989089,Narbonne (11100),226681,"Maison neuve à construire près de Narbonne (11).
PRO ECO HABITAT vous présente le modèle « Vénus » de 92m² habitables avec jardin et garage dans un lotissement sur la commune de Ornaisons (11) située à 8 km de Lézignan, 15 km de Narbonne et 30mn de la mer.
Cette villa de plain-pied chaleureuse et modulable vous offre 3 chambres dont une suite parentale avec salle d’eau et dressing, une cuisine ouverte sur un séjour confortable et lumineux de 38m² donnant sur jardin avec une grande baie vitrée.
Un grand garage de 18m² est également inclus.
Les prestations seront de qualité très appréciable : climatisation réversible, carrelage grand format, menuiseries PVC/ALU, volets roulants électriques… 
Ce projet conforme aux normes RE2020 est entièrement personnalisable, vous offrant la possibilité d’agencer votre maison à votre guise, selon vos envies.
PRO ECO HABITAT Maître d’Œuvre et Constructeur de Maisons Individuelles vous apportera ses années d’expérience, son savoir-faire et maîtrise parfaite du suivi de chantier.
N’hésitez pas à prendre contact avec Gilles, votre conseiller PRO ECO HABITAT, pour de plus amples informations ou pour obtenir une étude personnalisée totalement gratuite : PRO ECO HABITAT vous accompagnera dans toutes les étapes de votre projet et dans toutes vos démarches administratives.
Terrain proposé par un partenaire foncier selon disponibilité et autorisation de publicité (hors droit d’enregistrement et frais de notaire). Prix et visuels non contractuels.",Narbonne (11100),06 83 69 08 00,https://v.seloger.com/s/width/900/visuels/2/8/a/6/28a6euja42hai0czoljtawg866meya869807t4n7k.jpg,Seloger,False
